Filename, Fuzzy Messages, Total Messages, Fuzzy Words, Total Words, Achievement
l10n/po/pt_BR/_guides/security-identity-providers.adoc.po,0,13,0,190,100%
l10n/po/pt_BR/_guides/redis.adoc.po,0,135,0,1392,100%
l10n/po/pt_BR/_guides/kubernetes-dev-services.adoc.po,0,19,0,384,100%
l10n/po/pt_BR/_guides/cache-redis-reference.adoc.po,0,42,0,528,100%
l10n/po/pt_BR/_guides/aws-lambda-snapstart.adoc.po,0,52,0,759,100%
l10n/po/pt_BR/_guides/aws-lambda-http.adoc.po,3,148,15,2682,100%
l10n/po/pt_BR/_guides/amqp-dev-services.adoc.po,2,19,14,337,96%
l10n/po/pt_BR/_guides/_includes/devtools/build-native-container.adoc.po,3,6,3,72,96%
l10n/po/pt_BR/_guides/kafka-dev-services.adoc.po,2,37,46,620,93%
l10n/po/pt_BR/_guides/_includes/devtools/build-native.adoc.po,3,6,3,40,93%
l10n/po/pt_BR/_guides/_includes/devtools/dev.adoc.po,3,6,3,32,91%
l10n/po/pt_BR/_guides/_includes/devtools/build.adoc.po,3,6,3,30,90%
l10n/po/pt_BR/_guides/_includes/devtools/build-native-container-parameters.adoc.po,3,6,3,26,89%
l10n/po/pt_BR/_guides/_includes/duration-format-note.adoc.po,1,7,24,108,78%
l10n/po/pt_BR/_guides/_includes/devtools/extension-add.adoc.po,3,6,3,13,77%
l10n/po/pt_BR/_guides/_includes/devtools/dev-parameters.adoc.po,3,6,3,13,77%
l10n/po/pt_BR/_guides/_includes/devtools/maven-opts.adoc.po,2,4,2,8,75%
l10n/po/pt_BR/_guides/_includes/devtools/test.adoc.po,2,4,2,6,67%
l10n/po/pt_BR/_guides/_includes/devtools/extension-list.adoc.po,3,6,3,9,67%
l10n/po/pt_BR/_guides/_includes/devtools/create-cli.adoc.po,5,7,42,123,66%
l10n/po/pt_BR/_guides/_includes/devtools/create-app.adoc.po,8,10,69,158,57%
l10n/po/pt_BR/_guides/cli-tooling.adoc.po,123,213,1437,3171,55%
l10n/po/pt_BR/_guides/vertx.adoc.po,86,135,941,1980,53%
l10n/po/pt_BR/_guides/security-webauthn.adoc.po,103,227,2072,4057,49%
l10n/po/pt_BR/_guides/quarkus-runtime-base-image.adoc.po,14,28,190,358,47%
l10n/po/pt_BR/_guides/hibernate-orm-panache.adoc.po,149,330,2813,5185,46%
l10n/po/pt_BR/_guides/optaplanner.adoc.po,130,241,2252,4077,45%
l10n/po/pt_BR/_guides/grpc-service-consumption.adoc.po,67,128,929,1687,45%
l10n/po/pt_BR/_guides/telemetry-micrometer.adoc.po,136,209,1638,2887,44%
l10n/po/pt_BR/_guides/security-csrf-prevention.adoc.po,38,77,650,1152,44%
l10n/po/pt_BR/_guides/kafka-streams.adoc.po,132,271,2587,4458,42%
l10n/po/pt_BR/_guides/security-customization.adoc.po,70,149,1241,2084,41%
l10n/po/pt_BR/_guides/liquibase.adoc.po,40,65,522,865,40%
l10n/po/pt_BR/_guides/hibernate-reactive-panache.adoc.po,150,288,2966,4880,40%
l10n/po/pt_BR/_guides/websockets.adoc.po,41,66,491,803,39%
l10n/po/pt_BR/_guides/spring-data-jpa.adoc.po,91,180,1270,2053,39%
l10n/po/pt_BR/_guides/picocli.adoc.po,39,82,701,1143,39%
l10n/po/pt_BR/_guides/scripting.adoc.po,72,108,1068,1696,38%
l10n/po/pt_BR/_guides/elasticsearch.adoc.po,79,119,1211,1945,38%
l10n/po/pt_BR/_guides/security-vulnerability-detection.adoc.po,19,22,261,410,37%
l10n/po/pt_BR/_guides/mongodb-panache.adoc.po,198,377,3846,6030,37%
l10n/po/pt_BR/_guides/kafka-schema-registry-avro.adoc.po,94,175,1705,2673,37%
l10n/po/pt_BR/_guides/reactive-sql-clients.adoc.po,160,237,1765,2722,36%
l10n/po/pt_BR/_guides/ansible.adoc.po,41,78,938,1463,36%
l10n/po/pt_BR/_guides/stork.adoc.po,70,110,1005,1529,35%
l10n/po/pt_BR/_guides/rabbitmq.adoc.po,73,120,1058,1623,35%
l10n/po/pt_BR/_guides/mongodb-panache-kotlin.adoc.po,24,48,607,928,35%
l10n/po/pt_BR/_guides/config-mappings.adoc.po,59,129,819,1254,35%
l10n/po/pt_BR/_guides/mailer-reference.adoc.po,95,148,1450,2168,34%
l10n/po/pt_BR/_guides/jms.adoc.po,54,87,729,1102,34%
l10n/po/pt_BR/_guides/blaze-persistence.adoc.po,37,62,468,700,34%
l10n/po/pt_BR/_guides/security-oauth2.adoc.po,78,113,1207,1788,33%
l10n/po/pt_BR/_guides/quartz.adoc.po,84,137,1048,1564,33%
l10n/po/pt_BR/_guides/grpc-virtual-threads.adoc.po,17,29,347,511,33%
l10n/po/pt_BR/_guides/dev-ui-v2.adoc.po,229,347,2854,4257,33%
l10n/po/pt_BR/_guides/smallrye-graphql.adoc.po,177,290,2439,3570,32%
l10n/po/pt_BR/_guides/security-openid-connect-client-reference.adoc.po,145,254,3088,4534,32%
l10n/po/pt_BR/_guides/security-keycloak-admin-client.adoc.po,35,53,417,613,32%
l10n/po/pt_BR/_guides/grpc-service-implementation.adoc.po,73,112,1129,1641,32%
l10n/po/pt_BR/_guides/amqp.adoc.po,71,114,1094,1589,32%
l10n/po/pt_BR/_guides/stork-kubernetes.adoc.po,79,106,1325,1915,31%
l10n/po/pt_BR/_guides/security-openid-connect-multitenancy.adoc.po,134,223,2394,3433,31%
l10n/po/pt_BR/_guides/resteasy-reactive.adoc.po,454,713,7103,10199,31%
l10n/po/pt_BR/_guides/pulsar-getting-started.adoc.po,78,123,1242,1790,31%
l10n/po/pt_BR/_guides/native-reference.adoc.po,324,491,9071,12978,31%
l10n/po/pt_BR/_guides/hibernate-reactive.adoc.po,68,96,963,1381,31%
l10n/po/pt_BR/_guides/security-jpa.adoc.po,33,51,614,870,30%
l10n/po/pt_BR/_guides/security-authorize-web-endpoints-reference.adoc.po,128,205,2254,3216,30%
l10n/po/pt_BR/_guides/kafka-reactive-getting-started.adoc.po,79,124,1283,1824,30%
l10n/po/pt_BR/_guides/gcp-functions.adoc.po,94,136,1660,2361,30%
l10n/po/pt_BR/_guides/flyway.adoc.po,47,73,775,1102,30%
l10n/po/pt_BR/_guides/centralized-log-management.adoc.po,52,85,885,1259,30%
l10n/po/pt_BR/_guides/spring-cache.adoc.po,48,73,646,904,29%
l10n/po/pt_BR/_guides/security-ldap.adoc.po,42,69,599,841,29%
l10n/po/pt_BR/_guides/openapi-swaggerui.adoc.po,94,129,1272,1769,29%
l10n/po/pt_BR/_guides/mongodb.adoc.po,111,192,2052,2872,29%
l10n/po/pt_BR/_guides/kubernetes-client.adoc.po,56,111,1136,1598,29%
l10n/po/pt_BR/_guides/hibernate-orm-panache-kotlin.adoc.po,30,53,708,994,29%
l10n/po/pt_BR/_guides/context-propagation.adoc.po,73,87,1046,1472,29%
l10n/po/pt_BR/_guides/cache.adoc.po,161,265,3012,4225,29%
l10n/po/pt_BR/_guides/vertx-reference.adoc.po,212,322,2840,3922,28%
l10n/po/pt_BR/_guides/spring-web.adoc.po,115,141,999,1386,28%
l10n/po/pt_BR/_guides/smallrye-fault-tolerance.adoc.po,81,125,1643,2273,28%
l10n/po/pt_BR/_guides/redis-reference.adoc.po,197,284,2880,3988,28%
l10n/po/pt_BR/_guides/liquibase-mongodb.adoc.po,32,49,437,604,28%
l10n/po/pt_BR/_guides/spring-data-rest.adoc.po,110,150,1112,1512,27%
l10n/po/pt_BR/_guides/spring-boot-properties.adoc.po,53,86,646,876,27%
l10n/po/pt_BR/_guides/smallrye-metrics.adoc.po,52,67,761,1029,27%
l10n/po/pt_BR/_guides/resteasy-reactive-virtual-threads.adoc.po,56,82,776,1057,27%
l10n/po/pt_BR/_guides/reactive-routes.adoc.po,163,229,2293,3127,27%
l10n/po/pt_BR/_guides/reactive-event-bus.adoc.po,73,107,996,1350,27%
l10n/po/pt_BR/_guides/jreleaser.adoc.po,63,89,1989,2723,27%
l10n/po/pt_BR/_guides/getting-started-testing.adoc.po,231,404,5195,7025,27%
l10n/po/pt_BR/_guides/gcp-functions-http.adoc.po,47,64,653,893,27%
l10n/po/pt_BR/_guides/funqy-gcp-functions.adoc.po,78,108,1320,1784,27%
l10n/po/pt_BR/_guides/doc-create-tutorial.adoc.po,109,148,1369,1859,27%
l10n/po/pt_BR/_guides/dev-ui.adoc.po,76,108,1117,1526,27%
l10n/po/pt_BR/_guides/security-openid-connect-client.adoc.po,89,139,1360,1820,26%
l10n/po/pt_BR/_guides/security-oidc-bearer-token-authentication.adoc.po,150,231,3311,4459,26%
l10n/po/pt_BR/_guides/security-jwt-build.adoc.po,116,147,1876,2524,26%
l10n/po/pt_BR/_guides/security-jdbc.adoc.po,51,77,774,1042,26%
l10n/po/pt_BR/_guides/security-basic-authentication-tutorial.adoc.po,97,148,1560,2082,26%
l10n/po/pt_BR/_guides/rest-data-panache.adoc.po,109,143,1619,2166,26%
l10n/po/pt_BR/_guides/rest-client-reactive.adoc.po,236,389,4383,5905,26%
l10n/po/pt_BR/_guides/tests-with-coverage.adoc.po,57,86,928,1222,25%
l10n/po/pt_BR/_guides/spring-cloud-config-client.adoc.po,36,46,379,500,25%
l10n/po/pt_BR/_guides/rest-client.adoc.po,111,178,2000,2633,25%
l10n/po/pt_BR/_guides/lra.adoc.po,22,30,960,1267,25%
l10n/po/pt_BR/_guides/kotlin.adoc.po,89,153,1454,1919,25%
l10n/po/pt_BR/_guides/config-extending-support.adoc.po,65,104,1040,1381,25%
l10n/po/pt_BR/_guides/security-proactive-authentication.adoc.po,22,42,554,727,24%
l10n/po/pt_BR/_guides/security-jwt.adoc.po,307,384,4613,6045,24%
l10n/po/pt_BR/_guides/scheduler.adoc.po,43,59,473,619,24%
l10n/po/pt_BR/_guides/qute.adoc.po,84,127,1196,1569,24%
l10n/po/pt_BR/_guides/pulsar.adoc.po,237,351,4425,5747,24%
l10n/po/pt_BR/_guides/infinispan-client.adoc.po,74,109,942,1226,24%
l10n/po/pt_BR/_guides/kafka.adoc.po,560,821,11316,14600,23%
l10n/po/pt_BR/_guides/hibernate-search-orm-elasticsearch.adoc.po,220,303,3802,4877,23%
l10n/po/pt_BR/_guides/grpc-xds.adoc.po,20,25,205,264,23%
l10n/po/pt_BR/_guides/config-yaml.adoc.po,31,48,455,589,23%
l10n/po/pt_BR/_guides/writing-extensions.adoc.po,603,827,12490,15900,22%
l10n/po/pt_BR/_guides/spring-security.adoc.po,99,134,1204,1526,22%
l10n/po/pt_BR/_guides/spring-scheduled.adoc.po,61,84,726,920,22%
l10n/po/pt_BR/_guides/security-properties.adoc.po,40,48,528,674,22%
l10n/po/pt_BR/_guides/security-keycloak-authorization.adoc.po,111,162,2042,2594,22%
l10n/po/pt_BR/_guides/rest-client-multipart.adoc.po,57,87,980,1249,22%
l10n/po/pt_BR/_guides/opentracing.adoc.po,66,95,980,1251,22%
l10n/po/pt_BR/_guides/opentelemetry.adoc.po,132,182,1741,2229,22%
l10n/po/pt_BR/_guides/infinispan-client-reference.adoc.po,177,240,2811,3603,22%
l10n/po/pt_BR/_guides/extension-codestart.adoc.po,138,168,1855,2357,22%
l10n/po/pt_BR/_guides/command-mode-reference.adoc.po,59,87,1055,1348,22%
l10n/po/pt_BR/_guides/security-oidc-code-flow-authentication-tutorial.adoc.po,70,91,905,1132,21%
l10n/po/pt_BR/_guides/grpc-getting-started.adoc.po,87,122,1384,1744,21%
l10n/po/pt_BR/_guides/funqy.adoc.po,21,40,710,892,21%
l10n/po/pt_BR/_guides/azure-functions.adoc.po,43,58,653,820,21%
l10n/po/pt_BR/_guides/writing-native-applications-tips.adoc.po,101,153,2319,2870,20%
l10n/po/pt_BR/_guides/resteasy.adoc.po,145,214,2873,3548,20%
l10n/po/pt_BR/_guides/rest-json.adoc.po,98,147,1676,2075,20%
l10n/po/pt_BR/_guides/continuous-testing.adoc.po,42,49,701,876,20%
l10n/po/pt_BR/_guides/building-my-first-extension.adoc.po,179,239,3349,4162,20%
l10n/po/pt_BR/_guides/spring-di.adoc.po,83,117,1075,1317,19%
l10n/po/pt_BR/_guides/funqy-knative-events.adoc.po,68,91,1563,1909,19%
l10n/po/pt_BR/_guides/funqy-http.adoc.po,39,63,738,906,19%
l10n/po/pt_BR/_guides/deploying-to-kubernetes.adoc.po,348,457,6035,7422,19%
l10n/po/pt_BR/_guides/security-testing.adoc.po,24,32,435,528,18%
l10n/po/pt_BR/_guides/security-oidc-code-flow-authentication.adoc.po,297,427,7691,9340,18%
l10n/po/pt_BR/_guides/native-and-ssl.adoc.po,95,109,1315,1591,18%
l10n/po/pt_BR/_guides/messaging-virtual-threads.adoc.po,44,64,762,928,18%
l10n/po/pt_BR/_guides/mailer.adoc.po,55,68,697,842,18%
l10n/po/pt_BR/_guides/logging.adoc.po,295,355,3093,3755,18%
l10n/po/pt_BR/_guides/elasticsearch-dev-services.adoc.po,25,30,354,430,18%
l10n/po/pt_BR/_guides/build-analytics.adoc.po,47,50,547,667,18%
l10n/po/pt_BR/_guides/security-openid-connect-providers.adoc.po,116,198,2142,2551,17%
l10n/po/pt_BR/_guides/rabbitmq-reference.adoc.po,249,293,2451,2921,17%
l10n/po/pt_BR/_guides/rabbitmq-dev-services.adoc.po,31,38,536,645,17%
l10n/po/pt_BR/_guides/performance-measure.adoc.po,70,86,1095,1313,17%
l10n/po/pt_BR/_guides/management-interface-reference.adoc.po,61,74,1007,1210,17%
l10n/po/pt_BR/_guides/getting-started.adoc.po,105,136,1664,1985,17%
l10n/po/pt_BR/_guides/deploying-to-heroku.adoc.po,50,63,793,950,17%
l10n/po/pt_BR/_guides/building-native-image.adoc.po,209,250,4138,4928,17%
l10n/po/pt_BR/_guides/validation.adoc.po,115,155,1815,2158,16%
l10n/po/pt_BR/_guides/security-oidc-bearer-token-authentication-tutorial.adoc.po,86,111,1220,1440,16%
l10n/po/pt_BR/_guides/scheduler-reference.adoc.po,93,128,1736,2052,16%
l10n/po/pt_BR/_guides/qute-reference.adoc.po,751,967,11282,13300,16%
l10n/po/pt_BR/_guides/hibernate-orm.adoc.po,275,360,5201,6191,16%
l10n/po/pt_BR/_guides/getting-started-dev-services.adoc.po,82,95,1237,1470,16%
l10n/po/pt_BR/_guides/smallrye-health.adoc.po,92,120,1695,1990,15%
l10n/po/pt_BR/_guides/smallrye-graphql-client.adoc.po,51,86,1353,1581,15%
l10n/po/pt_BR/_guides/security-basic-authentication-howto.adoc.po,18,20,223,260,15%
l10n/po/pt_BR/_guides/podman.adoc.po,35,45,666,780,15%
l10n/po/pt_BR/_guides/lifecycle.adoc.po,59,80,955,1121,15%
l10n/po/pt_BR/_guides/credentials-provider.adoc.po,50,69,818,953,15%
l10n/po/pt_BR/_guides/config.adoc.po,69,84,767,900,15%
l10n/po/pt_BR/_guides/capabilities.adoc.po,44,57,776,909,15%
l10n/po/pt_BR/_guides/cdi-reference.adoc.po,227,311,4277,4940,14%
l10n/po/pt_BR/_guides/cdi-integration.adoc.po,174,206,2922,3380,14%
l10n/po/pt_BR/_guides/aws-lambda.adoc.po,149,208,3046,3532,14%
l10n/po/pt_BR/_guides/amqp-reference.adoc.po,224,265,2804,3252,14%
l10n/po/pt_BR/_guides/security-openid-connect-dev-services.adoc.po,115,153,3195,3661,13%
l10n/po/pt_BR/_guides/cdi.adoc.po,130,178,2294,2630,13%
l10n/po/pt_BR/_guides/appcds.adoc.po,26,30,625,718,13%
l10n/po/pt_BR/_guides/transaction.adoc.po,92,116,2194,2478,12%
l10n/po/pt_BR/_guides/maven-tooling.adoc.po,271,301,5437,6169,12%
l10n/po/pt_BR/_guides/kubernetes-config.adoc.po,42,49,810,914,12%
l10n/po/pt_BR/_guides/extension-metadata.adoc.po,53,55,1054,1191,12%
l10n/po/pt_BR/_guides/deploying-to-openshift.adoc.po,143,181,2099,2383,12%
l10n/po/pt_BR/_guides/deploying-to-azure-cloud.adoc.po,49,61,744,841,12%
l10n/po/pt_BR/_guides/cassandra.adoc.po,167,224,3409,3845,12%
l10n/po/pt_BR/_guides/apicurio-registry-dev-services.adoc.po,20,24,398,448,12%
l10n/po/pt_BR/_guides/http-reference.adoc.po,206,239,2602,2903,11%
l10n/po/pt_BR/_guides/duplicated-context.adoc.po,75,87,1590,1779,11%
l10n/po/pt_BR/_guides/databases-dev-services.adoc.po,65,79,1072,1180,10%
l10n/po/pt_BR/_guides/grpc-kubernetes.adoc.po,17,25,318,347,9%
l10n/po/pt_BR/_guides/getting-started-reactive.adoc.po,77,98,1820,1992,9%
l10n/po/pt_BR/_guides/telemetry-micrometer-tutorial.adoc.po,64,75,921,991,8%
l10n/po/pt_BR/_guides/funqy-aws-lambda.adoc.po,77,93,1382,1498,8%
l10n/po/pt_BR/_guides/_includes/compile-quarkus-quickly.adoc.po,2,4,52,56,8%
l10n/po/pt_BR/_guides/virtual-threads.adoc.po,130,153,2771,2948,7%
l10n/po/pt_BR/_guides/security-authentication-mechanisms.adoc.po,152,162,2146,2301,7%
l10n/po/pt_BR/_guides/platform.adoc.po,52,62,1342,1431,7%
l10n/po/pt_BR/_guides/mutiny-primer.adoc.po,126,140,1961,2091,7%
l10n/po/pt_BR/_guides/deploying-to-google-cloud.adoc.po,86,99,1427,1523,7%
l10n/po/pt_BR/_guides/config-reference.adoc.po,211,249,3582,3824,7%
l10n/po/pt_BR/_guides/stork-reference.adoc.po,22,25,269,286,6%
l10n/po/pt_BR/_guides/gradle-tooling.adoc.po,176,204,3482,3671,6%
l10n/po/pt_BR/_guides/datasource.adoc.po,293,316,2984,3159,6%
l10n/po/pt_BR/_guides/pulsar-dev-services.adoc.po,22,24,335,349,5%
l10n/po/pt_BR/_guides/kafka-dev-ui.adoc.po,9,11,88,92,5%
l10n/po/pt_BR/_guides/extension-registry-user.adoc.po,65,72,1391,1456,5%
l10n/po/pt_BR/_guides/class-loading-reference.adoc.po,65,69,1457,1520,5%
l10n/po/pt_BR/_guides/azure-functions-http.adoc.po,46,56,730,766,5%
l10n/po/pt_BR/_guides/upx.adoc.po,26,28,302,314,4%
l10n/po/pt_BR/_guides/software-transactional-memory.adoc.po,44,54,1959,2031,4%
l10n/po/pt_BR/_guides/quarkus-maven-plugin.adoc.po,6,7,116,120,4%
l10n/po/pt_BR/_guides/funqy-gcp-functions-http.adoc.po,14,16,300,310,4%
l10n/po/pt_BR/_guides/funqy-aws-lambda-http.adoc.po,14,16,295,305,4%
l10n/po/pt_BR/_guides/doc-contribute-docs-howto.adoc.po,146,160,2122,2203,4%
l10n/po/pt_BR/_guides/container-image.adoc.po,72,82,1396,1446,4%
l10n/po/pt_BR/_guides/conditional-extension-dependencies.adoc.po,32,41,779,811,4%
l10n/po/pt_BR/_guides/resteasy-reactive-migration.adoc.po,91,96,1213,1238,3%
l10n/po/pt_BR/_guides/reaugmentation.adoc.po,20,22,667,683,3%
l10n/po/pt_BR/_guides/infinispan-dev-services.adoc.po,39,43,771,793,3%
l10n/po/pt_BR/_guides/doc-reference.adoc.po,304,319,2317,2375,3%
l10n/po/pt_BR/_guides/update-quarkus.adoc.po,21,23,290,295,2%
l10n/po/pt_BR/_guides/security-architecture.adoc.po,36,37,546,548,1%
l10n/po/pt_BR/_guides/quarkus-reactive-architecture.adoc.po,70,75,1672,1682,1%
l10n/po/pt_BR/_guides/doc-concept.adoc.po,42,43,614,616,1%
l10n/po/pt_BR/_guides/tooling.adoc.po,18,18,161,161,0%
l10n/po/pt_BR/_guides/security-overview.adoc.po,43,43,641,641,0%
l10n/po/pt_BR/_guides/security-oidc-configuration-properties-reference.adoc.po,10,10,77,77,0%
l10n/po/pt_BR/_guides/security-basic-authentication.adoc.po,32,32,481,481,0%
l10n/po/pt_BR/_guides/redis-dev-services.adoc.po,11,11,286,286,0%
l10n/po/pt_BR/_guides/ide-tooling.adoc.po,49,49,252,252,0%
l10n/po/pt_BR/_guides/grpc.adoc.po,16,16,155,155,0%
l10n/po/pt_BR/_guides/funqy-azure-functions-http.adoc.po,4,4,135,135,0%
l10n/po/pt_BR/_guides/dev-services.adoc.po,35,35,805,805,0%
l10n/po/pt_BR/_guides/dev-mode-differences.adoc.po,46,46,751,751,0%
l10n/po/pt_BR/_guides/camel.adoc.po,3,3,59,59,0%
l10n/po/pt_BR/_guides/all-config.adoc.po,2,2,4,4,0%
l10n/po/pt_BR/_guides/all-builditems.adoc.po,3,3,18,18,0%
l10n/po/pt_BR/_guides/_includes/smallrye-pulsar-producer.adoc.po,82,82,434,434,0%
l10n/po/pt_BR/_guides/_includes/smallrye-pulsar-outgoing.adoc.po,31,31,239,239,0%
l10n/po/pt_BR/_guides/_includes/smallrye-pulsar-incoming.adoc.po,51,51,365,365,0%
l10n/po/pt_BR/_guides/_includes/smallrye-pulsar-consumer.adoc.po,118,118,960,960,0%
l10n/po/pt_BR/_guides/_includes/smallrye-pulsar-client.adoc.po,146,146,601,601,0%
l10n/po/pt_BR/_guides/_includes/smallrye-kafka-outgoing.adoc.po,89,89,992,992,0%
l10n/po/pt_BR/_guides/_includes/smallrye-kafka-incoming.adoc.po,112,112,1354,1354,0%
l10n/po/pt_BR/_guides/_includes/quarkus-blaze-persistence.adoc.po,17,17,657,657,0%
l10n/po/pt_BR/_guides/_includes/prerequisites.adoc.po,11,11,86,86,0%
l10n/po/pt_BR/_guides/_includes/platform-include.adoc.po,1,1,15,15,0%
l10n/po/pt_BR/_guides/_includes/extension-status.adoc.po,6,6,141,141,0%
l10n/po/pt_BR/_guides/README.adoc.po,32,32,201,201,0%
l10n/po/pt_BR/_posts/2023-09-29-quarkus-3-4-1-released.adoc.po,0,39,0,555,100%
l10n/po/pt_BR/_posts/2023-09-20-quarkus-3-4-1-released.adoc.po,0,42,0,591,100%
l10n/po/pt_BR/_posts/2022-11-24-reactive-crud-performance-case-study.adoc.po,50,121,1238,2906,58%
l10n/po/pt_BR/_posts/2020-08-19-openapi-for-everyone.adoc.po,58,100,928,1985,54%
l10n/po/pt_BR/_posts/2020-09-22-kafka-avro.adoc.po,59,99,698,1368,49%
l10n/po/pt_BR/_posts/2023-06-23-quarkus-cli.adoc.po,94,152,1936,3031,37%
l10n/po/pt_BR/_posts/2020-04-28-quarkus-mutual-tls.adoc.po,84,123,719,1135,37%
l10n/po/pt_BR/_posts/2020-11-10-mutiny-invoke-and-call.adoc.po,38,48,412,638,36%
l10n/po/pt_BR/_posts/2020-10-27-experimental_graphql.adoc.po,99,173,1273,1956,35%
l10n/po/pt_BR/_posts/2020-10-20-kafka-failure-strategy.adoc.po,46,66,889,1352,35%
l10n/po/pt_BR/_posts/2020-12-08-avro-native.adoc.po,25,32,345,512,33%
l10n/po/pt_BR/_posts/2021-01-18-getting-started-kafka.adoc.po,48,82,874,1271,32%
l10n/po/pt_BR/_posts/2019-08-01-quarkus-app-circleci-build.adoc.po,35,45,619,908,32%
l10n/po/pt_BR/_posts/2023-06-26-podman-for-windows.adoc.po,45,65,772,1109,31%
l10n/po/pt_BR/_posts/2022-06-21-qute-templates-from-db.adoc.po,38,69,783,1118,30%
l10n/po/pt_BR/_posts/2021-02-02-getting-started-amqp.adoc.po,54,93,966,1341,28%
l10n/po/pt_BR/_posts/2020-08-24-mutiny-failure-handling.adoc.po,28,37,479,650,27%
l10n/po/pt_BR/_posts/2023-07-10-quarkus-component-test.adoc.po,43,75,837,1103,25%
l10n/po/pt_BR/_posts/2020-10-13-uni-retry.adoc.po,36,48,680,890,24%
l10n/po/pt_BR/_posts/2020-07-09-quarkus-cassandra-extension-released.adoc.po,16,30,421,548,24%
l10n/po/pt_BR/_posts/2020-11-25-stylish-api.adoc.po,59,82,555,719,23%
l10n/po/pt_BR/_posts/2020-07-10-quarkus-test-profiles.adoc.po,21,26,457,589,23%
l10n/po/pt_BR/_posts/2022-09-15-redis-job-queue.adoc.po,55,75,1254,1591,22%
l10n/po/pt_BR/_posts/2021-09-01-using-lra.adoc.po,86,127,2073,2635,22%
l10n/po/pt_BR/_posts/2021-04-15-gui-react-patternfly.adoc.po,44,79,992,1264,22%
l10n/po/pt_BR/_posts/2020-11-02-quarkus-native-on-a-raspberry-pi.adoc.po,152,180,2167,2750,22%
l10n/po/pt_BR/_posts/2020-09-29-mutiny-concurrent-uni.adoc.po,25,34,431,550,22%
l10n/po/pt_BR/_posts/2020-06-23-supersonic-subatomic-graphql.adoc.po,79,110,1136,1455,22%
l10n/po/pt_BR/_posts/2020-04-29-mocking.adoc.po,53,95,1128,1440,22%
l10n/po/pt_BR/_posts/2020-11-24-mutiny-vertx.adoc.po,50,62,907,1148,21%
l10n/po/pt_BR/_posts/2021-08-23-resteasy-reactive-smart-dispatch.adoc.po,67,90,1199,1481,20%
l10n/po/pt_BR/_posts/2022-11-22-redis-job-queue-reloaded.adoc.po,39,47,1004,1231,19%
l10n/po/pt_BR/_posts/2020-04-28-eclipse-quarkus-tools-4.15.0.Final.adoc.po,34,55,371,457,19%
l10n/po/pt_BR/_posts/2022-09-07-redis-api-intro.adoc.po,51,72,969,1177,18%
l10n/po/pt_BR/_posts/2022-08-30-kafka-serde.adoc.po,51,79,1036,1249,18%
l10n/po/pt_BR/_posts/2021-03-15-micrometer-prometheus-openshift.adoc.po,45,63,734,891,18%
l10n/po/pt_BR/_posts/2019-06-26-kafka-streams-applications-with-quarkus-and-microprofile.adoc.po,46,81,1368,1661,18%
l10n/po/pt_BR/_posts/2023-02-10-jpastreamer-extension.adoc.po,43,59,943,1134,17%
l10n/po/pt_BR/_posts/2021-01-12-magic-control.adoc.po,58,88,1203,1439,17%
l10n/po/pt_BR/_posts/2022-08-30-solving-problems-with-extensions-2.adoc.po,50,71,907,1077,16%
l10n/po/pt_BR/_posts/2020-10-27-mutiny-back-pressure.adoc.po,64,82,1387,1632,16%
l10n/po/pt_BR/_posts/2019-06-18-hibernate-search-extension.adoc.po,30,39,448,533,16%
l10n/po/pt_BR/_posts/2020-09-15-mutiny-pagination.adoc.po,40,51,809,941,15%
l10n/po/pt_BR/_posts/2019-11-08-quarkus-for-spring-developers.adoc.po,31,45,861,1002,15%
l10n/po/pt_BR/_posts/2022-08-31-quarkus-helm.adoc.po,59,79,1099,1269,14%
l10n/po/pt_BR/_posts/2022-04-20-solving-problems-with-extensions.adoc.po,61,81,1139,1318,14%
l10n/po/pt_BR/_posts/2020-09-08-kafka-rest-client.adoc.po,41,53,900,1039,14%
l10n/po/pt_BR/_posts/2020-09-02-mutiny-redis.adoc.po,46,54,866,998,14%
l10n/po/pt_BR/_posts/2020-05-12-native-command-mode-tools.adoc.po,39,51,1074,1232,13%
l10n/po/pt_BR/_posts/2023-09-14-cve-2023-4853.adoc.po,29,33,320,360,12%
l10n/po/pt_BR/_posts/2021-12-20-upx.adoc.po,42,54,770,870,12%
l10n/po/pt_BR/_posts/2021-11-30-quarkus-native-neo4j-call-tree.adoc.po,44,65,1298,1468,12%
l10n/po/pt_BR/_posts/2020-12-08-resteasy-reactive.adoc.po,62,73,1480,1671,12%
l10n/po/pt_BR/_posts/2020-08-20-codestarts-preview.adoc.po,37,42,585,661,12%
l10n/po/pt_BR/_posts/2020-02-24-qute.adoc.po,51,64,1005,1133,12%
l10n/po/pt_BR/_posts/2023-09-19-virtual-thread-1.adoc.po,75,97,2536,2838,11%
l10n/po/pt_BR/_posts/2023-01-16-native-adopts-adaptive-gc-policy.adoc.po,26,33,1015,1133,11%
l10n/po/pt_BR/_posts/2022-01-13-quarkus-aws-cloudwatch_extension.adoc.po,35,56,1157,1299,11%
l10n/po/pt_BR/_posts/2020-10-06-reactive-messaging-emitter.adoc.po,29,38,649,729,11%
l10n/po/pt_BR/_posts/2020-06-25-quarkus-grpc.adoc.po,34,43,421,472,11%
l10n/po/pt_BR/_posts/2020-05-05-introducing-command-mode.adoc.po,39,47,647,722,11%
l10n/po/pt_BR/_posts/2023-07-27-native-startup-rss-troubleshooting.adoc.po,38,53,1425,1579,10%
l10n/po/pt_BR/_posts/2021-12-03-quarkus-devservices-testcontainers-podman.adoc.po,34,41,673,745,10%
l10n/po/pt_BR/_posts/2020-12-01-kafka-cloud-events.adoc.po,42,48,1163,1288,10%
l10n/po/pt_BR/_posts/2019-06-05-quarkus-and-web-ui-development-mode.adoc.po,48,58,1283,1402,9%
l10n/po/pt_BR/_posts/2023-01-23-quarkus-3-0-0-alpha3-released.adoc.po,36,40,491,529,8%
l10n/po/pt_BR/_posts/2022-12-07-quarkus-3-0-0-alpha2-released.adoc.po,33,37,446,484,8%
l10n/po/pt_BR/_posts/2022-07-15-stork-load-balancing.adoc.po,54,75,1113,1208,8%
l10n/po/pt_BR/_posts/2022-11-18-quarkus-3-0-0-alpha1-released.adoc.po,44,48,558,596,7%
l10n/po/pt_BR/_posts/2021-04-20-solving-problems-with-custom-extensions.adoc.po,66,71,1102,1179,7%
l10n/po/pt_BR/_posts/2021-02-23-quarkus-1-12-0-final-released.adoc.po,50,59,730,781,7%
l10n/po/pt_BR/_posts/2019-07-25-quarkus-dependency-injection.adoc.po,43,56,1012,1080,7%
l10n/po/pt_BR/_posts/2023-04-05-quarkus-3-0-0-cr2-released.adoc.po,47,53,576,610,6%
l10n/po/pt_BR/_posts/2023-03-15-quarkus-3-0-0-alpha6-released.adoc.po,35,39,404,429,6%
l10n/po/pt_BR/_posts/2021-01-20-quarkus-1-11-0-final-released.adoc.po,84,92,1230,1299,6%
l10n/po/pt_BR/_posts/2019-05-05-quarkus-has-a-new-logo.adoc.po,23,28,369,389,6%
l10n/po/pt_BR/_posts/2023-03-30-quarkus-3-0-0-cr1-released.adoc.po,59,65,677,711,5%
l10n/po/pt_BR/_posts/2023-03-23-quarkus-3-0-0-beta1-released.adoc.po,48,52,541,566,5%
l10n/po/pt_BR/_posts/2023-03-08-quarkus-3-0-0-alpha5-released.adoc.po,58,65,856,892,5%
l10n/po/pt_BR/_posts/2023-02-15-quarkus-3-0-0-alpha4-released.adoc.po,43,47,511,536,5%
l10n/po/pt_BR/_posts/2022-02-17-stork-kubernetes-discovery.adoc.po,47,54,781,819,5%
l10n/po/pt_BR/_posts/2021-11-23-smallrye-stork-intro.adoc.po,33,37,692,728,5%
l10n/po/pt_BR/_posts/2020-03-19-eclipse-got-quarkused.adoc.po,75,108,1317,1377,5%
l10n/po/pt_BR/_posts/2020-01-28-vscode-quarkus-1.3.0.adoc.po,94,109,1155,1206,5%
l10n/po/pt_BR/_posts/2020-01-20-sentry-the-guardian-of-your-quarkus-app.adoc.po,36,42,568,593,5%
l10n/po/pt_BR/_posts/2019-10-31-vscode-quarkus-1.1.0.adoc.po,40,46,373,389,5%
l10n/po/pt_BR/_posts/2023-07-12-on-the-road-to-cdi-compatibility.adoc.po,42,50,1671,1738,4%
l10n/po/pt_BR/_posts/2023-02-23-kubernetes-native-development-with-quarkus-and-eclipse-jkube.adoc.po,30,33,879,913,4%
l10n/po/pt_BR/_posts/2022-11-10-road-to-quarkus-3.adoc.po,59,63,979,1017,4%
l10n/po/pt_BR/_posts/2022-05-31-banco-do-brasil-open-banking-user-story.adoc.po,92,103,2038,2122,4%
l10n/po/pt_BR/_posts/2022-04-05-camel-quarkus-effortless-apis.adoc.po,128,155,2521,2616,4%
l10n/po/pt_BR/_posts/2022-03-28-vscode-quarkus-1.10.0.adoc.po,49,59,936,965,4%
l10n/po/pt_BR/_posts/2021-07-30-quarkus-2x-platform-quarkiverse-registry.adoc.po,43,44,962,995,4%
l10n/po/pt_BR/_posts/2020-12-07-extension-codestarts-a-new-way-to-learn-and-discover-quarkus.adoc.po,27,32,424,438,4%
l10n/po/pt_BR/_posts/2020-12-03-quarkiverse.adoc.po,39,44,621,644,4%
l10n/po/pt_BR/_posts/2020-11-03-kafka-commit-strategies.adoc.po,49,54,1441,1491,4%
l10n/po/pt_BR/_posts/2020-06-24-intellij-quarkus-tools-1.0.0.adoc.po,41,53,374,387,4%
l10n/po/pt_BR/_posts/2023-05-20-quarkus-3-upgrade.adoc.po,41,44,622,635,3%
l10n/po/pt_BR/_posts/2023-05-09-ministry-of-economy-finance-uruguay-adopts-quarkus.adoc.po,153,164,3686,3762,3%
l10n/po/pt_BR/_posts/2023-04-19-vscode-quarkus-1.13.0-released.adoc.po,75,87,1005,1029,3%
l10n/po/pt_BR/_posts/2022-05-23-intellij-quarkus-tools-1.11.0.adoc.po,46,61,648,663,3%
l10n/po/pt_BR/_posts/2022-04-04-vscode-quarkus-1.10.0-qute.adoc.po,92,108,1319,1351,3%
l10n/po/pt_BR/_posts/2021-12-02-logicdrop-automating-quarkus-with-gitlab.adoc.po,143,164,1922,1962,3%
l10n/po/pt_BR/_posts/2021-11-24-quarkus-2-5-0-final-released.adoc.po,57,61,722,740,3%
l10n/po/pt_BR/_posts/2020-09-17-intellij-quarkus-tools-1.1.0.adoc.po,18,21,101,104,3%
l10n/po/pt_BR/_posts/2020-04-15-vscode-quarkus-1.4.0.adoc.po,57,67,657,677,3%
l10n/po/pt_BR/_posts/2020-01-28-quarkus-1-2-0-final-released.adoc.po,74,78,1015,1043,3%
l10n/po/pt_BR/_posts/2019-11-21-vscode-quarkus-1.2.0.adoc.po,62,74,1003,1027,3%
l10n/po/pt_BR/_posts/2019-11-04-quarkus-0-28-1-released.adoc.po,33,34,482,493,3%
l10n/po/pt_BR/_posts/2019-09-23-quarkus-developer-joy-for-vs-code.adoc.po,64,76,1132,1156,3%
l10n/po/pt_BR/_posts/2023-05-15-pact-and-quarkus-3.adoc.po,42,44,909,921,2%
l10n/po/pt_BR/_posts/2022-11-28-quarkus-2-14-2-final-released.adoc.po,33,34,399,405,2%
l10n/po/pt_BR/_posts/2022-11-23-intellij-quarkus-tools-1.14.0.adoc.po,18,20,185,187,2%
l10n/po/pt_BR/_posts/2022-09-20-intellij-quarkus-tools-1.13.0.adoc.po,18,20,145,147,2%
l10n/po/pt_BR/_posts/2022-05-19-quinoa-modern-ui-with-no-hassle.adoc.po,36,39,855,866,2%
l10n/po/pt_BR/_posts/2022-03-08-intellij-quarkus-tools-1.10.0.adoc.po,19,23,231,235,2%
l10n/po/pt_BR/_posts/2021-10-25-intellij-quarkus-tools-1.8.0.adoc.po,22,26,205,209,2%
l10n/po/pt_BR/_posts/2021-09-13-decathlon-user-story.adoc.po,88,93,2756,2810,2%
l10n/po/pt_BR/_posts/2021-06-22-calling-all-roadies.adoc.po,36,38,367,371,2%
l10n/po/pt_BR/_posts/2021-04-14-quarkus-1-13-2-final-released.adoc.po,25,26,246,249,2%
l10n/po/pt_BR/_posts/2021-03-11-ja-quarkus-io.adoc.po,9,10,139,141,2%
l10n/po/pt_BR/_posts/2021-01-15-intellij-quarkus-tools-1.3.0.adoc.po,14,15,96,97,2%
l10n/po/pt_BR/_posts/2020-10-19-micrometer-metrics.adoc.po,27,28,699,707,2%
l10n/po/pt_BR/_posts/2020-10-12-intellij-quarkus-tools-1.2.0.adoc.po,36,40,215,219,2%
l10n/po/pt_BR/_posts/2020-08-18-quarkus-hackathon-finalist-announcement.adoc.po,25,26,156,158,2%
l10n/po/pt_BR/_posts/2023-09-06-quarkus-3-3-2-released.adoc.po,22,23,228,230,1%
l10n/po/pt_BR/_posts/2023-08-29-quarkus-3-3-1-released.adoc.po,21,22,235,237,1%
l10n/po/pt_BR/_posts/2023-08-23-quarkus-3-3-0-released.adoc.po,71,72,1059,1061,1%
l10n/po/pt_BR/_posts/2023-04-26-quarkus-3-0-final-released.adoc.po,160,165,2478,2499,1%
l10n/po/pt_BR/_posts/2022-09-28-quarkus-2-13-0-final-released.adoc.po,33,34,514,516,1%
l10n/po/pt_BR/_posts/2022-09-13-aphp-user-story.adoc.po,43,44,973,975,1%
l10n/po/pt_BR/_posts/2022-08-26-intellij-quarkus-tools-1.12.0.adoc.po,20,22,243,245,1%
l10n/po/pt_BR/_posts/2022-08-25-l10n-of-quarkusio.adoc.po,17,18,222,224,1%
l10n/po/pt_BR/_posts/2022-06-29-nativejdb-debugger-for-native-images.adoc.po,53,56,1296,1300,1%
l10n/po/pt_BR/_posts/2022-04-27-monitoring-quarkus-jvm-mode-with-cryostat.adoc.po,52,56,1202,1210,1%
l10n/po/pt_BR/_posts/2022-02-22-quarkus-superheroes-to-the-rescue.adoc.po,99,103,2383,2391,1%
l10n/po/pt_BR/_posts/2022-02-04-quarkusworldtour-2022.adoc.po,20,21,274,276,1%
l10n/po/pt_BR/_posts/2021-12-03-intellij-quarkus-tools-1.9.0.adoc.po,16,17,145,146,1%
l10n/po/pt_BR/_posts/2021-12-02-website-and-discussions.adoc.po,25,26,443,445,1%
l10n/po/pt_BR/_posts/2021-09-20-logicdrop-customer-story.adoc.po,101,102,1419,1421,1%
l10n/po/pt_BR/_posts/2021-09-15-adoptium-customer-story.adoc.po,38,40,1177,1181,1%
l10n/po/pt_BR/_posts/2021-06-22-abraxas-customer-story.adoc.po,58,59,1128,1130,1%
l10n/po/pt_BR/_posts/2021-06-08-quarkus-deploys-apps-on-openshift.adoc.po,93,94,2746,2748,1%
l10n/po/pt_BR/_posts/2021-02-17-intellij-quarkus-tools-1.4.0.adoc.po,14,15,106,107,1%
l10n/po/pt_BR/_posts/2021-02-10-resteasy-reactive-faq.adoc.po,61,64,2085,2091,1%
l10n/po/pt_BR/_posts/2020-12-01-quarkus-1-10-2-final-released.adoc.po,77,78,997,999,1%
l10n/po/pt_BR/_posts/2020-09-23-cytech-customer-story.adoc.po,22,23,1370,1372,1%
l10n/po/pt_BR/_posts/2020-09-14-wipro-customer-story.adoc.po,36,37,1216,1218,1%
l10n/po/pt_BR/_posts/2020-08-25-backports-application.adoc.po,58,60,857,865,1%
l10n/po/pt_BR/_posts/2020-07-08-quarkus-1-6-0-final-released.adoc.po,91,92,1392,1395,1%
l10n/po/pt_BR/_posts/2020-06-15-quarkus-hackathon-announcement.adoc.po,31,32,313,315,1%
l10n/po/pt_BR/_posts/2020-06-03-quarkus-1-5-final-released.adoc.po,73,74,847,850,1%
l10n/po/pt_BR/_posts/2020-05-06-sedona-rewrites-insurance-premium.adoc.po,59,60,1821,1823,1%
l10n/po/pt_BR/_posts/2020-04-21-io-thread-benchmark.adoc.po,66,69,1615,1621,1%
l10n/po/pt_BR/_posts/2020-04-08-why-did-payair-technologies-switch-to-quarkus.adoc.po,45,46,1319,1321,1%
l10n/po/pt_BR/_posts/2020-03-16-ennovativesolutions-uses-quarkus-with-aws-lambda.adoc.po,64,66,1702,1706,1%
l10n/po/pt_BR/_posts/2020-02-17-aviatar-experiences-significant-savings.adoc.po,36,37,1501,1503,1%
l10n/po/pt_BR/_posts/2020-02-10-asiakastieto-chooses-quarkus-for-microservices.adoc.po,38,41,1456,1462,1%
l10n/po/pt_BR/_posts/2020-01-24-quarkus-wins-devies-award.adoc.po,10,11,350,351,1%
l10n/po/pt_BR/_posts/2019-12-11-talkdesk-chooses-quarkus-for-fast-innovation.adoc.po,49,50,1339,1341,1%
l10n/po/pt_BR/_posts/2019-11-13-vodafone-greece-replaces-spring-boot.adoc.po,40,41,1607,1609,1%
l10n/po/pt_BR/_posts/2019-11-06-gowithflow-chooses-quarkus-to-deliver-fast-to-production.adoc.po,42,43,988,990,1%
l10n/po/pt_BR/_posts/2019-10-30-quarkus-0-27-0-released.adoc.po,43,44,711,717,1%
l10n/po/pt_BR/_posts/2019-10-12-quarkus-0-24.0-released.adoc.po,61,62,1149,1156,1%
l10n/po/pt_BR/_posts/2019-07-08-runtime-performance.adoc.po,236,239,1665,1671,1%
l10n/po/pt_BR/_posts/insights_1_transcription.adoc.po,254,254,8846,8846,0%
l10n/po/pt_BR/_posts/insights_0_transcription.adoc.po,117,117,3765,3765,0%
l10n/po/pt_BR/_posts/2023-09-15-quarkus-newsletter-36.adoc.po,10,10,277,277,0%
l10n/po/pt_BR/_posts/2023-08-28-quarkus-3-2-5-final-released.adoc.po,20,20,203,203,0%
l10n/po/pt_BR/_posts/2023-08-26-quarkus-2-16-10-final-released.adoc.po,23,23,242,242,0%
l10n/po/pt_BR/_posts/2023-08-14-quarkus-newsletter-35.adoc.po,10,10,245,245,0%
l10n/po/pt_BR/_posts/2023-08-11-quarkus-3-2-4-final-released.adoc.po,20,20,202,202,0%
l10n/po/pt_BR/_posts/2023-08-02-quarkus-3-2-3-final-released.adoc.po,20,20,249,249,0%
l10n/po/pt_BR/_posts/2023-07-31-quarkus-2-16-9-final-released.adoc.po,19,19,207,207,0%
l10n/po/pt_BR/_posts/2023-07-24-quarkus-3-2-2-final-released.adoc.po,26,26,364,364,0%
l10n/po/pt_BR/_posts/2023-07-24-profile-and-monitor-native-executables-with-jfr.adoc.po,11,11,157,157,0%
l10n/po/pt_BR/_posts/2023-07-13-quarkus-newsletter-34.adoc.po,10,10,232,232,0%
l10n/po/pt_BR/_posts/2023-07-05-quarkus-3-2-0-final-released.adoc.po,58,58,912,912,0%
l10n/po/pt_BR/_posts/2023-07-05-quarkus-2-16-8-final-released.adoc.po,19,19,206,206,0%
l10n/po/pt_BR/_posts/2023-07-05-lts-releases.adoc.po,25,25,623,623,0%
l10n/po/pt_BR/_posts/2023-06-29-quarkus-3-1-3-final-released.adoc.po,20,20,189,189,0%
l10n/po/pt_BR/_posts/2023-06-16-quarkus-3-1-2-final-released.adoc.po,20,20,189,189,0%
l10n/po/pt_BR/_posts/2023-06-13-quarkus-newsletter-33.adoc.po,10,10,240,240,0%
l10n/po/pt_BR/_posts/2023-06-07-quarkus-3-1-1-final-released.adoc.po,20,20,189,189,0%
l10n/po/pt_BR/_posts/2023-05-31-quarkus-3-1-0-final-released.adoc.po,45,45,602,602,0%
l10n/po/pt_BR/_posts/2023-05-25-quarkus-3-0-4-final-released.adoc.po,19,19,174,174,0%
l10n/po/pt_BR/_posts/2023-05-15-quarkus-newsletter-32.adoc.po,10,10,185,185,0%
l10n/po/pt_BR/_posts/2023-05-10-quarkus-3-0-3-final-released.adoc.po,19,19,174,174,0%
l10n/po/pt_BR/_posts/2023-05-05-quarkus-2-16-7-final-released.adoc.po,19,19,152,152,0%
l10n/po/pt_BR/_posts/2023-05-04-quarkus-3-0-2-final-released.adoc.po,19,19,174,174,0%
l10n/po/pt_BR/_posts/2023-04-12-quarkus-newsletter-31.adoc.po,10,10,225,225,0%
l10n/po/pt_BR/_posts/2023-04-04-quarkus-2-16-6-final-released.adoc.po,19,19,152,152,0%
l10n/po/pt_BR/_posts/2023-03-22-quarkus-2-16-5-final-released.adoc.po,19,19,152,152,0%
l10n/po/pt_BR/_posts/2023-03-14-quarkus-newsletter-30.adoc.po,10,10,249,249,0%
l10n/po/pt_BR/_posts/2023-03-06-quarkus-2-16-4-final-released.adoc.po,19,19,172,172,0%
l10n/po/pt_BR/_posts/2023-02-17-quarkus-2-16-3-final-released.adoc.po,19,19,170,170,0%
l10n/po/pt_BR/_posts/2023-02-13-quarkus-newsletter-29.adoc.po,10,10,233,233,0%
l10n/po/pt_BR/_posts/2023-02-09-quarkus-2-16-2-final-released.adoc.po,19,19,153,153,0%
l10n/po/pt_BR/_posts/2023-02-09-datacater-uses-quarkus-to-make-data-streaming-accessible.adoc.po,26,26,581,581,0%
l10n/po/pt_BR/_posts/2023-02-01-quarkus-2-16-1-final-released.adoc.po,20,20,200,200,0%
l10n/po/pt_BR/_posts/2023-01-25-quarkus-2-16-0-final-released.adoc.po,40,40,529,529,0%
l10n/po/pt_BR/_posts/2023-01-13-quarkus-newsletter-28.adoc.po,10,10,207,207,0%
l10n/po/pt_BR/_posts/2023-01-10-quarkus-2-15-3-final-released.adoc.po,18,18,151,151,0%
l10n/po/pt_BR/_posts/2023-01-04-quarkus-2-15-2-final-released.adoc.po,18,18,162,162,0%
l10n/po/pt_BR/_posts/2022-12-21-quarkus-2-15-1-final-released.adoc.po,19,19,207,207,0%
l10n/po/pt_BR/_posts/2022-12-19-stargate-selects-quarkus-for-its-v2-implementation.adoc.po,42,42,789,789,0%
l10n/po/pt_BR/_posts/2022-12-15-quarkus-newsletter-27.adoc.po,10,10,198,198,0%
l10n/po/pt_BR/_posts/2022-12-14-quarkus-2-15-0-final-released.adoc.po,69,69,848,848,0%
l10n/po/pt_BR/_posts/2022-12-06-quarkus-2-14-3-final-released.adoc.po,18,18,144,144,0%
l10n/po/pt_BR/_posts/2022-11-28-quarkus-support-for-aws-lambda-snapstart.adoc.po,68,68,1034,1034,0%
l10n/po/pt_BR/_posts/2022-11-17-quarkus-newsletter-26.adoc.po,10,10,225,225,0%
l10n/po/pt_BR/_posts/2022-11-17-our-bumpy-road-to-jakarta-ee-10.adoc.po,64,64,1176,1176,0%
l10n/po/pt_BR/_posts/2022-11-16-quarkus-2-14-1-final-released.adoc.po,24,24,249,249,0%
l10n/po/pt_BR/_posts/2022-11-09-quarkus-2-14-0-final-released.adoc.po,49,49,656,656,0%
l10n/po/pt_BR/_posts/2022-11-08-quarkus-observability-roadmap-2023.adoc.po,23,23,781,781,0%
l10n/po/pt_BR/_posts/2022-11-07-quarkus-2-13-4-final-released.adoc.po,22,22,230,230,0%
l10n/po/pt_BR/_posts/2022-10-19-quarkus-2-13-3-final-released.adoc.po,18,18,166,166,0%
l10n/po/pt_BR/_posts/2022-10-12-quarkus-2-13-2-final-released.adoc.po,18,18,151,151,0%
l10n/po/pt_BR/_posts/2022-10-11-quarkus-newsletter-25.adoc.po,10,10,207,207,0%
l10n/po/pt_BR/_posts/2022-10-06-quarkus-2-13-1-final-released.adoc.po,18,18,153,153,0%
l10n/po/pt_BR/_posts/2022-09-21-quarkus-2-12-3-final-released.adoc.po,19,19,143,143,0%
l10n/po/pt_BR/_posts/2022-09-13-quarkus-newsletter-24.adoc.po,11,11,275,275,0%
l10n/po/pt_BR/_posts/2022-09-13-quarkus-2-12-2-final-released.adoc.po,19,19,142,142,0%
l10n/po/pt_BR/_posts/2022-09-07-quarkus-2-12-1-final-released.adoc.po,20,20,167,167,0%
l10n/po/pt_BR/_posts/2022-08-31-quarkus-2-12-0-final-released.adoc.po,34,34,439,439,0%
l10n/po/pt_BR/_posts/2022-08-24-quarkus-2-11-3-final-released.adoc.po,20,20,153,153,0%
l10n/po/pt_BR/_posts/2022-08-17-quarkus-newsletter-23.adoc.po,11,11,224,224,0%
l10n/po/pt_BR/_posts/2022-08-08-quarkus-2-11-2-final-released.adoc.po,22,22,235,235,0%
l10n/po/pt_BR/_posts/2022-07-27-quarkus-2-11-1-final-released.adoc.po,57,57,918,918,0%
l10n/po/pt_BR/_posts/2022-07-19-quarkus-insights-qanda4.adoc.po,11,11,116,116,0%
l10n/po/pt_BR/_posts/2022-07-19-quarkus-2-10-3-final-released.adoc.po,21,21,259,259,0%
l10n/po/pt_BR/_posts/2022-07-14-quarkus-newsletter-22.adoc.po,11,11,237,237,0%
l10n/po/pt_BR/_posts/2022-07-06-quarkus-2-10-2-final-released.adoc.po,18,18,156,156,0%
l10n/po/pt_BR/_posts/2022-06-29-quarkus-2-10-1-final-released.adoc.po,18,18,144,144,0%
l10n/po/pt_BR/_posts/2022-06-22-quarkus-2-10-0-final-released.adoc.po,55,55,729,729,0%
l10n/po/pt_BR/_posts/2022-06-13-quarkus-newsletter-21.adoc.po,11,11,245,245,0%
l10n/po/pt_BR/_posts/2022-05-25-quarkus-2-9-2-final-released.adoc.po,18,18,155,155,0%
l10n/po/pt_BR/_posts/2022-05-17-quarkus-2-9-1-final-released.adoc.po,18,18,149,149,0%
l10n/po/pt_BR/_posts/2022-05-13-quarkus-newsletter-20.adoc.po,12,12,272,272,0%
l10n/po/pt_BR/_posts/2022-05-11-quarkus-2-9-0-final-released.adoc.po,62,62,807,807,0%
l10n/po/pt_BR/_posts/2022-05-06-quarkus-2-8-3-final-released.adoc.po,18,18,155,155,0%
l10n/po/pt_BR/_posts/2022-04-26-quarkus-2-8-2-final-released.adoc.po,18,18,143,143,0%
l10n/po/pt_BR/_posts/2022-04-19-quarkus-2-8-1-final-released.adoc.po,18,18,143,143,0%
l10n/po/pt_BR/_posts/2022-04-14-quarkus-newsletter-19.adoc.po,10,10,209,209,0%
l10n/po/pt_BR/_posts/2022-04-12-quarkus-2-8-0-final-released.adoc.po,52,52,821,821,0%
l10n/po/pt_BR/_posts/2022-03-17-quarkus-newsletter-18.adoc.po,10,10,180,180,0%
l10n/po/pt_BR/_posts/2022-03-16-quarkus-2-7-5-final-released.adoc.po,18,18,143,143,0%
l10n/po/pt_BR/_posts/2022-03-09-quarkus-2-7-4-final-released.adoc.po,18,18,144,144,0%
l10n/po/pt_BR/_posts/2022-03-02-quarkus-2-7-3-final-released.adoc.po,19,19,156,156,0%
l10n/po/pt_BR/_posts/2022-02-23-quarkus-newsletter-17.adoc.po,10,10,188,188,0%
l10n/po/pt_BR/_posts/2022-02-23-quarkus-2-7-2-final-released.adoc.po,22,22,210,210,0%
l10n/po/pt_BR/_posts/2022-02-08-quarkus-2-7-1-final-released.adoc.po,25,25,237,237,0%
l10n/po/pt_BR/_posts/2022-02-02-quarkus-2-7-0-final-released.adoc.po,77,77,992,992,0%
l10n/po/pt_BR/_posts/2022-01-20-quarkus-2-6-3-final-released.adoc.po,18,18,144,144,0%
l10n/po/pt_BR/_posts/2022-01-13-quarkus-newsletter-16.adoc.po,10,10,154,154,0%
l10n/po/pt_BR/_posts/2022-01-13-quarkus-insights-qanda3.adoc.po,10,10,94,94,0%
l10n/po/pt_BR/_posts/2022-01-10-quarkus-2-6-2-final-released.adoc.po,22,22,259,259,0%
l10n/po/pt_BR/_posts/2021-12-24-quarkus-2-6-1-final-released.adoc.po,20,20,228,228,0%
l10n/po/pt_BR/_posts/2021-12-22-quarkus-2-6-0-final-released.adoc.po,67,67,1097,1097,0%
l10n/po/pt_BR/_posts/2021-12-20-quarkus-2-5-4-final-released.adoc.po,24,24,229,229,0%
l10n/po/pt_BR/_posts/2021-12-16-quarkus-newsletter-15.adoc.po,10,10,157,157,0%
l10n/po/pt_BR/_posts/2021-12-15-quarkus-and-CVE-2021-4428.adoc.po,23,23,595,595,0%
l10n/po/pt_BR/_posts/2021-12-15-quarkus-2-5-3-final-released.adoc.po,18,18,147,147,0%
l10n/po/pt_BR/_posts/2021-12-10-quarkus-2-5-2-final-released.adoc.po,18,18,147,147,0%
l10n/po/pt_BR/_posts/2021-12-01-quarkus-2-5-1-final-released.adoc.po,18,18,147,147,0%
l10n/po/pt_BR/_posts/2021-11-12-quarkus-2-4-2-final-released.adoc.po,18,18,147,147,0%
l10n/po/pt_BR/_posts/2021-11-11-quarkus-newsletter-14.adoc.po,10,10,144,144,0%
l10n/po/pt_BR/_posts/2021-11-03-quarkus-2-4-1-final-released.adoc.po,18,18,147,147,0%
l10n/po/pt_BR/_posts/2021-10-27-quarkus-2-4-0-final-released.adoc.po,35,35,495,495,0%
l10n/po/pt_BR/_posts/2021-10-20-quarkus-2-3-1-final-released.adoc.po,18,18,147,147,0%
l10n/po/pt_BR/_posts/2021-10-18-quarkus-newsletter-13.adoc.po,10,10,169,169,0%
l10n/po/pt_BR/_posts/2021-10-06-quarkus-2-3-0-final-released.adoc.po,32,32,458,458,0%
l10n/po/pt_BR/_posts/2021-09-23-unused-beans.adoc.po,30,30,692,692,0%
l10n/po/pt_BR/_posts/2021-09-16-quarkus-2-2-3-final-released.adoc.po,18,18,150,150,0%
l10n/po/pt_BR/_posts/2021-09-14-quarkus-newsletter-12.adoc.po,10,10,141,141,0%
l10n/po/pt_BR/_posts/2021-09-07-quarkus-2-2-2-final-released.adoc.po,18,18,147,147,0%
l10n/po/pt_BR/_posts/2021-08-31-quarkus-2-2-1-final-released.adoc.po,48,48,636,636,0%
l10n/po/pt_BR/_posts/2021-08-26-quarkus-2-1-4-final-released.adoc.po,18,18,145,145,0%
l10n/po/pt_BR/_posts/2021-08-20-quarkus-newsletter-11.adoc.po,10,10,137,137,0%
l10n/po/pt_BR/_posts/2021-08-20-60th-quarkus-insights.adoc.po,15,15,183,183,0%
l10n/po/pt_BR/_posts/2021-08-19-quarkus-2-1-3-final-released.adoc.po,18,18,142,142,0%
l10n/po/pt_BR/_posts/2021-08-11-quarkus-2-1-2-final-released.adoc.po,18,18,142,142,0%
l10n/po/pt_BR/_posts/2021-08-04-quarkus-2-1-1-final-released.adoc.po,18,18,142,142,0%
l10n/po/pt_BR/_posts/2021-07-29-quarkus-2-1-0-final-released.adoc.po,30,30,425,425,0%
l10n/po/pt_BR/_posts/2021-07-22-quarkus-2-0-3-final-released.adoc.po,18,18,143,143,0%
l10n/po/pt_BR/_posts/2021-07-16-quarkus-newsletter-10.adoc.po,10,10,161,161,0%
l10n/po/pt_BR/_posts/2021-07-13-quarkus-2-0-2-final-released.adoc.po,18,18,149,149,0%
l10n/po/pt_BR/_posts/2021-07-07-quarkus-2-0-1-final-released.adoc.po,18,18,142,142,0%
l10n/po/pt_BR/_posts/2021-06-30-quarkus-2-0-0-final-released.adoc.po,65,65,1147,1147,0%
l10n/po/pt_BR/_posts/2021-06-09-quarkus-1-13-7-final-released.adoc.po,21,21,178,178,0%
l10n/po/pt_BR/_posts/2021-06-04-quarkus-2-0-0-cr3-released.adoc.po,25,25,209,209,0%
l10n/po/pt_BR/_posts/2021-05-27-quarkus-insights-qanda2.adoc.po,9,9,111,111,0%
l10n/po/pt_BR/_posts/2021-05-27-quarkus-2-0-0-cr2-released.adoc.po,28,28,269,269,0%
l10n/po/pt_BR/_posts/2021-05-27-quarkus-1-13-6-final-released.adoc.po,20,20,170,170,0%
l10n/po/pt_BR/_posts/2021-05-26-quarkus-1-13-5-final-released.adoc.po,23,23,195,195,0%
l10n/po/pt_BR/_posts/2021-05-20-quarkus-2-0-0-alpha3-released.adoc.po,30,30,212,212,0%
l10n/po/pt_BR/_posts/2021-05-12-quarkus-1-13-4-final-released.adoc.po,19,19,144,144,0%
l10n/po/pt_BR/_posts/2021-05-06-quarkus-2-0-0-alpha2-released.adoc.po,27,27,239,239,0%
l10n/po/pt_BR/_posts/2021-04-28-quarkus-1-13-3-final-released.adoc.po,19,19,144,144,0%
l10n/po/pt_BR/_posts/2021-04-22-quarkus-2-0-0-alpha1-released.adoc.po,47,47,749,749,0%
l10n/po/pt_BR/_posts/2021-04-07-quarkus-1-13-1-final-released.adoc.po,23,23,260,260,0%
l10n/po/pt_BR/_posts/2021-03-30-quarkus-1-13-0-final-released.adoc.po,64,64,1015,1015,0%
l10n/po/pt_BR/_posts/2021-03-11-quarkus-1-12-2-final-released.adoc.po,23,23,186,186,0%
l10n/po/pt_BR/_posts/2021-03-04-path-resolution-in-quarkus.adoc.po,86,86,1687,1687,0%
l10n/po/pt_BR/_posts/2021-03-03-quarkus-1-12-1-final-released.adoc.po,20,20,148,148,0%
l10n/po/pt_BR/_posts/2021-02-25-migrating-existing-apps-to-quarkus-with-mta.adoc.po,18,18,515,515,0%
l10n/po/pt_BR/_posts/2021-02-11-quarkus-1-11-3-final-released.adoc.po,17,17,156,156,0%
l10n/po/pt_BR/_posts/2021-02-09-quarkus-1-11-2-final-released.adoc.po,22,22,162,162,0%
l10n/po/pt_BR/_posts/2021-02-02-quarkus-insights-qanda.adoc.po,10,10,94,94,0%
l10n/po/pt_BR/_posts/2021-01-27-quarkus-1-11-1-final-released.adoc.po,23,23,188,188,0%
l10n/po/pt_BR/_posts/2021-01-26-quarkus-newsletter-9.adoc.po,9,9,87,87,0%
l10n/po/pt_BR/_posts/2020-12-16-quarkus-1-10-5-final-released.adoc.po,20,20,165,165,0%
l10n/po/pt_BR/_posts/2020-12-08-quarkus-1-10-3-final-released.adoc.po,20,20,159,159,0%
l10n/po/pt_BR/_posts/2020-11-05-quarkus-1-9-2-final-released.adoc.po,19,19,156,156,0%
l10n/po/pt_BR/_posts/2020-10-28-quarkus-1-9-1-final-released.adoc.po,19,19,157,157,0%
l10n/po/pt_BR/_posts/2020-10-21-quarkus-1-9-0-final-released.adoc.po,63,63,992,992,0%
l10n/po/pt_BR/_posts/2020-10-09-quarkus-1-8-3-final-released.adoc.po,19,19,163,163,0%
l10n/po/pt_BR/_posts/2020-10-06-quarkus-1-8-2-final-released.adoc.po,18,18,141,141,0%
l10n/po/pt_BR/_posts/2020-10-05-contributing-for-the-first-time.adoc.po,83,83,1802,1802,0%
l10n/po/pt_BR/_posts/2020-09-30-biased-locking-help.adoc.po,40,40,903,903,0%
l10n/po/pt_BR/_posts/2020-09-28-quarkus-newsletter-8.adoc.po,12,12,143,143,0%
l10n/po/pt_BR/_posts/2020-09-18-quarkus-1-8-1-final-released.adoc.po,23,23,219,219,0%
l10n/po/pt_BR/_posts/2020-09-15-quarkus-1-8-0-final-released.adoc.po,55,55,845,845,0%
l10n/po/pt_BR/_posts/2020-09-09-quarkus-1-7-3-final-released.adoc.po,19,19,152,152,0%
l10n/po/pt_BR/_posts/2020-09-03-quarkus-1-7-2-final-released.adoc.po,18,18,139,139,0%
l10n/po/pt_BR/_posts/2020-08-29-quarkus-hackathon-winners-announced.adoc.po,22,22,119,119,0%
l10n/po/pt_BR/_posts/2020-08-27-quarkus-1-7-1-final-released.adoc.po,19,19,149,149,0%
l10n/po/pt_BR/_posts/2020-08-25-quarkus-day-2020.adoc.po,20,20,377,377,0%
l10n/po/pt_BR/_posts/2020-08-13-quarkus-1-7-0-final-released.adoc.po,68,68,987,987,0%
l10n/po/pt_BR/_posts/2020-07-21-quarkus-1-6-1-final-released.adoc.po,20,20,214,214,0%
l10n/po/pt_BR/_posts/2020-06-25-quarkus-newsletter-7.adoc.po,9,9,98,98,0%
l10n/po/pt_BR/_posts/2020-06-18-quarkus-1-5-2-final-released.adoc.po,20,20,175,175,0%
l10n/po/pt_BR/_posts/2020-06-11-quarkus-1-5-1-final-released.adoc.po,17,17,119,119,0%
l10n/po/pt_BR/_posts/2020-05-20-insights-4-5.adoc.po,13,13,139,139,0%
l10n/po/pt_BR/_posts/2020-05-20-insights-3.adoc.po,16,16,202,202,0%
l10n/po/pt_BR/_posts/2020-05-15-insights-2.adoc.po,12,12,142,142,0%
l10n/po/pt_BR/_posts/2020-05-08-insights-1.adoc.po,17,17,206,206,0%
l10n/po/pt_BR/_posts/2020-05-07-quarkus-newsletter-6.adoc.po,10,10,160,160,0%
l10n/po/pt_BR/_posts/2020-05-05-quarkus-1-4-2-final-released.adoc.po,17,17,119,119,0%
l10n/po/pt_BR/_posts/2020-04-30-insights.adoc.po,21,21,274,274,0%
l10n/po/pt_BR/_posts/2020-04-27-quarkus-1-4-final-released.adoc.po,70,70,882,882,0%
l10n/po/pt_BR/_posts/2020-04-24-quarkus-summit-2020.adoc.po,61,61,537,537,0%
l10n/po/pt_BR/_posts/2020-04-08-quarkus-1-3-2-final-released.adoc.po,20,20,166,166,0%
l10n/po/pt_BR/_posts/2020-03-28-quarkus-1-3-1-final-released.adoc.po,27,27,345,345,0%
l10n/po/pt_BR/_posts/2020-03-23-quarkus-eclipse-microprofile-3-3.adoc.po,32,32,518,518,0%
l10n/po/pt_BR/_posts/2020-03-19-quarkus-1-3-0-final-released.adoc.po,101,101,1381,1381,0%
l10n/po/pt_BR/_posts/2020-02-26-quarkus-newsletter-5.adoc.po,9,9,94,94,0%
l10n/po/pt_BR/_posts/2020-02-19-quarkus-1-2-1-final-released.adoc.po,19,19,163,163,0%
l10n/po/pt_BR/_posts/2020-01-23-quarkus-fault-tolerance-4-0.adoc.po,12,12,223,223,0%
l10n/po/pt_BR/_posts/2020-01-21-quarkus-eclipse-microprofile-3-2-compatible.adoc.po,10,10,300,300,0%
l10n/po/pt_BR/_posts/2020-01-21-march-of-ides.adoc.po,62,62,398,398,0%
l10n/po/pt_BR/_posts/2020-01-14-quarkus-newsletter-4.adoc.po,10,10,111,111,0%
l10n/po/pt_BR/_posts/2020-01-07-quarkus-1-1-1-final-released.adoc.po,25,25,272,272,0%
l10n/po/pt_BR/_posts/2019-12-23-quarkus-1-1-0-final-released.adoc.po,61,61,1124,1124,0%
l10n/po/pt_BR/_posts/2019-12-18-why-graalvm-19-2.adoc.po,28,28,746,746,0%
l10n/po/pt_BR/_posts/2019-12-16-quarkus-newsletter-3.adoc.po,10,10,102,102,0%
l10n/po/pt_BR/_posts/2019-11-28-quarkus-1-0-1-final-released.adoc.po,22,22,191,191,0%
l10n/po/pt_BR/_posts/2019-11-25-quarkus-1-0-0-Final-bits-are-here.adoc.po,38,38,976,976,0%
l10n/po/pt_BR/_posts/2019-11-20-quarkus-1-0-0-CR2-released.adoc.po,22,22,317,317,0%
l10n/po/pt_BR/_posts/2019-11-18-quarkus-newsletter-2.adoc.po,10,10,110,110,0%
l10n/po/pt_BR/_posts/2019-11-06-announcing-quarkus-1-0.adoc.po,16,16,386,386,0%
l10n/po/pt_BR/_posts/2019-10-23-quarkus-0-26-1-released.adoc.po,32,32,438,438,0%
l10n/po/pt_BR/_posts/2019-10-16-quarkus-0-25.0-released.adoc.po,40,40,470,470,0%
l10n/po/pt_BR/_posts/2019-10-15-quarkus-on-jboss-asylum-podcast.adoc.po,10,10,117,117,0%
l10n/po/pt_BR/_posts/2019-10-02-quarkus-0-23-2-released.adoc.po,26,26,344,344,0%
l10n/po/pt_BR/_posts/2019-10-01-quarkus-newsletter-1.adoc.po,11,11,90,90,0%
l10n/po/pt_BR/_posts/2019-09-26-quarkus-0-23-1-released.adoc.po,57,57,840,840,0%
l10n/po/pt_BR/_posts/2019-09-16-quarkus-0-22-0-released.adoc.po,28,28,371,371,0%
l10n/po/pt_BR/_posts/2019-09-05-quarkus-0-21-2-released.adoc.po,21,21,211,211,0%
l10n/po/pt_BR/_posts/2019-08-15-quarkus-0-21-1-released.adoc.po,21,21,239,239,0%
l10n/po/pt_BR/_posts/2019-08-01-hibernate-orm-config-profiles.adoc.po,21,21,551,551,0%
l10n/po/pt_BR/_posts/2019-07-31-quarkus-0-20-0-released.adoc.po,54,54,977,977,0%
l10n/po/pt_BR/_posts/2019-07-11-quarkus-0-19.1-released.adoc.po,46,46,674,674,0%
l10n/po/pt_BR/_posts/2019-06-27-quarkus-0-18-released.adoc.po,34,34,539,539,0%
l10n/po/pt_BR/_posts/2019-05-08-welcome.adoc.po,8,8,81,81,0%
